{
  "GT_boxes": [
    [
      0.2788512911843277,
      0.5150489759572574,
      0.0034728406055209438,
      0.024220837043633092
    ],
    [
      0.32333036509349955,
      0.5315227070347284,
      0.0017809439002671734,
      0.00267141585040076
    ],
    [
      0.32333036509349955,
      0.5315227070347284,
      0.0017809439002671734,
      0.00267141585040076
    ]
  ],
  "GT_labels": [
    18,
    20,
    21
  ],
  "TP_labels": [
    1,
    1,
    0
  ]
}
